# Mode test cases

# Create test table and populate it
statement ok
CREATE TABLE test_table (
    utf8_col VARCHAR,
    int64_col BIGINT,
    float64_col DOUBLE,
    date64_col DATE,
    time64_col TIME
) AS VALUES
    ('apple', 1, 1.0, DATE '2021-01-01', TIME '01:00:00'),
    ('banana', 2, 2.0, DATE '2021-01-02', TIME '02:00:00'),
    ('apple', 2, 2.0, DATE '2021-01-02', TIME '02:00:00'),
    ('orange', 3, 3.0, DATE '2021-01-03', TIME '03:00:00'),
    ('banana', 3, 3.0, DATE '2021-01-03', TIME '03:00:00'),
    ('apple', 3, 3.0, DATE '2021-01-03', TIME '03:00:00'),
    (NULL, NULL, NULL, NULL, NULL);

# Test mode with utf8 column
query I
SELECT MODE(utf8_col) FROM test_table;
----
apple

# Test mode with int64 column
query I
SELECT MODE(int64_col) FROM test_table;
----
3

# Test mode with float64 column
query I
SELECT MODE(float64_col) FROM test_table;
----
3.0

# Test mode with date64 column
query I
SELECT MODE(date64_col) FROM test_table;
----
2021-01-03

# Test mode with time64 column
query I
SELECT MODE(time64_col) FROM test_table;
----
03:00:00